id;name;code;appropriate
1;parse;Incredible Technician;Shirt program
2;Infrastructure Fantastic;Cambridgeshire;Lari Auto Loan Account Music
3;embrace sensor;magenta Rustic Concrete Towels withdrawal;neural-net Tactics calculate
4;XSS;unleash Concrete;Handcrafted
5;calculate Representative ubiquitous;Metal Comoro Franc Avon;Personal Loan Account channels
6;Rubber JBOD bandwidth;Freeway hack orchid;syndicate Technician e-services
7;programming;payment Bedfordshire;XSS Compatible foreground
8;deposit users;Engineer payment purple;payment Computer Accounts
9;New Jersey XML Sleek;mesh Ergonomic;Baby syndicate
10;Sausages;forecast;panel structure
