id;full_name;science_degree;education;job;phone_number;e_mail
1;Auto Loan Account;invoice THX solid state;driver 24/7;functionalities;Integration;backing up
2;Investment Account optimizing PNG;Intelligent Soft Salad bypass Iranian Rial;eco-centric;solution orchestration leading-edge;Operations Avon e-markets;calculate District Interactions
3;Handmade Concrete Computer;Liaison;withdrawal hub;Clothing indigo compressing;Nebraska embrace Keyboard;back up distributed 24 hour
4;Peso Uruguayo Uruguay Peso en Unidades Indexadas deposit Senior;Infrastructure;North Dakota;card contingency;Dynamic Club Home Loan Account;Rustic digital hack
5;neutral Wooden;efficient solutions;compress;card;compress;Granite
6;Money Market Account;pink Hawaii Fantastic;Integrated;bluetooth Lead Accounts;Gorgeous Wooden Computer Summit;backing up Program Fantastic Frozen Computer
7;olive;Square;hierarchy;Operations Tasty Rubber Hat;Home Loan Account;Communications International
8;card Borders;Delaware value-added interface;dot-com Home;calculating modular Checking Account;Intelligent;calculating
9;Synchronised RSS;Technician Fresh Implementation;Cotton Gorgeous Granite Towels cultivate;Handcrafted Rubber Soap;best-of-breed synergy;Communications indigo
10;system Buckinghamshire District;grow;Gorgeous Home Loan Account Qatar;lavender deposit;District hard drive;Security
